<wpml-config>
    <custom-types>
        <custom-type translate="1">portfolio</custom-type>
        <custom-type translate="1">uncodeblock</custom-type>
        <custom-type translate="1">uncode_gallery</custom-type>
    </custom-types>
    <taxonomies>
        <taxonomy translate="1">portfolio_category</taxonomy>
        <taxonomy translate="1">page_category</taxonomy>
        <taxonomy translate="1">uncodeblock_category</taxonomy>
        <taxonomy translate="1">uncode_gallery_category</taxonomy>
    </taxonomies>
    <custom-fields>
        <custom-field action="ignore">_uncode_gallery_media</custom-field>
        <custom-field action="ignore">_uncode_gallery_cover</custom-field>
        <custom-field action="copy-once">_thumbnail_id</custom-field>
        <custom-field action="copy-once">_uncode_featured_media</custom-field>
    </custom-fields>
    <admin-texts>
        <key name="uncode">
            <key name="_uncode_logo"/>
            <key name="_uncode_logo_light"/>
            <key name="_uncode_logo_dark"/>
            <key name="_uncode_menu_bloginfo"/>
            <key name="_uncode_post_navigation_index_label"/>
            <key name="_uncode_portfolio_navigation_index_label"/>
            <key name="_uncode_product_navigation_index_label"/>
            <key name="_uncode_post_index_content_block"/>
            <key name="_uncode_page_index_content_block"/>
            <key name="_uncode_portfolio_index_content_block"/>
            <key name="_uncode_product_index_content_block"/>
            <key name="_uncode_footer_text"/>
            <key name="_uncode_post_content_block_after"/>
            <key name="_uncode_page_content_block_after"/>
            <key name="_uncode_portfolio_content_block_after"/>
            <key name="_uncode_product_content_block_after"/></key>
    </admin-texts>
    <shortcodes>
        <shortcode>
            <tag>vc_column_text</tag>
        </shortcode>
        <shortcode>
            <tag>vc_text_separator</tag>
            <attributes>
                <attribute>title</attribute>
            </attributes>
        </shortcode>
        <shortcode>
            <tag>vc_message</tag>
        </shortcode>
        <shortcode>
            <tag>vc_toggle</tag>
            <attributes>
                <attribute>title</attribute>
            </attributes>
        </shortcode>
        <shortcode>
            <tag>vc_tta_accordion</tag>
            <attributes>
                <attribute>title</attribute>
            </attributes>
        </shortcode>
        <shortcode>
            <tag>vc_tta_tour</tag>
            <attributes>
                <attribute>title</attribute>
            </attributes>
        </shortcode>
        <shortcode>
            <tag>vc_tta_tabs</tag>
            <attributes>
                <attribute>title</attribute>
            </attributes>
        </shortcode>
        <shortcode>
            <tag>vc_tta_pageable</tag>
            <attributes>
                <attribute>title</attribute>
            </attributes>
        </shortcode>
        <shortcode>
            <tag>vc_tta_section</tag>
            <attributes>
                <attribute>title</attribute>
            </attributes>
        </shortcode>
        <shortcode>
            <tag>vc_custom_heading</tag>
            <attributes>
                <attribute>text</attribute>
                <attribute>link</attribute>
                <attribute>subheading</attribute>
            </attributes>
        </shortcode>
        <shortcode>
            <tag encoding="base64">vc_raw_html</tag>
        </shortcode>
        <shortcode>
            <tag>vc_progress_bar</tag>
            <attributes>
                <attribute>title</attribute>
            </attributes>
        </shortcode>
        <shortcode>
            <tag>vc_pie</tag>
            <attributes>
                <attribute>title</attribute>
                <attribute>label_value</attribute>
            </attributes>
        </shortcode>
        <shortcode>
            <tag>vc_round_chart</tag>
            <attributes>
                <attribute>title</attribute>
            </attributes>
        </shortcode>
        <shortcode>
            <tag>vc_btn</tag>
            <attributes>
                <attribute>title</attribute>
                <attribute>link</attribute>
            </attributes>
        </shortcode>
        <shortcode>
            <tag>vc_cta</tag>
            <attributes>
                <attribute>h2</attribute>
                <attribute>h4</attribute>
                <attribute>btn_title</attribute>
                <attribute>btn_link</attribute>
                <attribute>i_link</attribute>
            </attributes>
        </shortcode>
        <shortcode>
            <tag>vc_line_chart</tag>
            <attributes>
                <attribute>title</attribute>
            </attributes>
        </shortcode>
        <shortcode>
            <tag>vc_single_image</tag>
            <attributes>
                <attribute>title</attribute>
            </attributes>
        </shortcode>
        <shortcode>
            <tag>vc_gallery</tag>
            <attributes>
                <attribute>title</attribute>
            </attributes>
        </shortcode>
        <shortcode>
            <tag>vc_images_carousel</tag>
            <attributes>
                <attribute>title</attribute>
            </attributes>
        </shortcode>
        <shortcode>
            <tag>vc_widget_sidebar</tag>
            <attributes>
                <attribute>title</attribute>
            </attributes>
        </shortcode>
        <shortcode>
            <tag>vc_posts_slider</tag>
            <attributes>
                <attribute>title</attribute>
            </attributes>
        </shortcode>
        <shortcode>
            <tag>vc_video</tag>
            <attributes>
                <attribute>title</attribute>
            </attributes>
        </shortcode>
        <shortcode>
            <tag>vc_gmaps</tag>
            <attributes>
                <attribute>title</attribute>
            </attributes>
        </shortcode>
        <shortcode>
            <tag>vc_flickr</tag>
            <attributes>
                <attribute>title</attribute>
            </attributes>
        </shortcode>
        <shortcode>
            <tag>vc_wp_search</tag>
            <attributes>
                <attribute>title</attribute>
            </attributes>
        </shortcode>
        <shortcode>
            <tag>vc_wp_meta</tag>
        </shortcode>
        <shortcode>
            <tag>vc_wp_recentcomments</tag>
        </shortcode>
        <shortcode>
            <tag>vc_wp_calendar</tag>
            <attributes>
                <attribute>title</attribute>
            </attributes>
        </shortcode>
        <shortcode>
            <tag>vc_wp_pages</tag>
        </shortcode>
        <shortcode>
            <tag>vc_wp_tagcloud</tag>
            <attributes>
                <attribute>taxonomy</attribute>
            </attributes>
        </shortcode>
        <shortcode>
            <tag>vc_wp_custommenu</tag>
            <attributes>
                <attribute>title</attribute>
            </attributes>
        </shortcode>
        <shortcode>
            <tag>vc_wp_text</tag>
            <attributes>
                <attribute>title</attribute>
            </attributes>
        </shortcode>
        <shortcode>
            <tag>vc_wp_posts</tag>
        </shortcode>
        <shortcode>
            <tag>vc_wp_categories</tag>
        </shortcode>
        <shortcode>
            <tag>vc_wp_archives</tag>
        </shortcode>
        <shortcode>
            <tag>vc_wp_rss</tag>
            <attributes>
                <attribute>items</attribute>
                <attribute>title</attribute>
                <attribute>url</attribute>
            </attributes>
        </shortcode>
        <shortcode>
            <tag>vc_button</tag>
            <attributes>
                <attribute>link</attribute>
            </attributes>
        </shortcode>
        <shortcode>
            <tag>uncode_list</tag>
        </shortcode>
        <shortcode>
            <tag>vc_icon</tag>
            <attributes>
                <attribute>title</attribute>
                <attribute>link</attribute>
                <attribute>link_text</attribute>
            </attributes>
        </shortcode>
        <shortcode>
            <tag>vc_tab</tag>
            <attributes>
                <attribute>title</attribute>
            </attributes>
        </shortcode>
        <shortcode>
            <tag>vc_accordion_tab</tag>
            <attributes>
                <attribute>title</attribute>
            </attributes>
        </shortcode>
        <shortcode>
            <tag>uncode_pricing</tag>
            <attributes>
                <attribute>title</attribute>
                <attribute>price</attribute>
                <attribute>body</attribute>
                <attribute>button</attribute>
            </attributes>
        </shortcode>
    </shortcodes>
</wpml-config>
